{
  "ts": "2026-04-04T10:10:44.306331+00:00",
  "total_results": 90,
  "clean": true,
  "tool_restricted": true,
  "runs": 3,
  "overall": {
    "naked": {
      "mean": 4.733333333333333,
      "n": 30
    },
    "scaffold": {
      "mean": 6.3,
      "n": 30
    },
    "prime": {
      "mean": 6.8,
      "n": 30
    }
  },
  "cat_b": {
    "naked": 4.166666666666667,
    "scaffold": 6.75,
    "prime": 8.0,
    "prime_vs_scaffold_pct": 18.51851851851852,
    "meaningful": true
  }
}